Year,Month,Domestic Debt,External Debt,Total,Domestic Interest,Foreign Interest,Nominal GDP,Annual GDP growth (%),Date,Domestic Interest Rate (%),External Interest Rate (%),Debt-to-GDP Ratio (%),Domestic Debt Composition,External Debt Composition
2000,3,201463.22,396800.0,598263.22,15784.0,6039.0,967838.0,0.0,2000-03-01,7.834680692584979,1.5219254032258065,61.81439662422843,33.67467918218339,66.32532081781662
2000,6,206127.0,395694.0,601821.0,20752.0,8635.0,967838.0,0.0,2000-06-01,10.067579696012652,2.1822418333358606,62.18199740039139,34.25054958201857,65.74945041798142
2000,7,202362.0,394667.37,597029.37,2739.0,746.0,967838.0,0.0,2000-07-01,1.3535149879918167,0.18901993341886866,61.6869114459238,33.89481492342663,66.10518507657336
2000,8,196584.0,395710.06,592294.06,4298.0,1060.0,967838.0,0.0,2000-08-01,2.186342733894925,0.26787289663548103,61.19764464714137,33.19027038697636,66.80972961302362
2000,9,195520.0,399798.72,595318.72,6682.0,1497.0,967838.0,0.0,2000-09-01,3.4175531914893615,0.3744384174116416,61.510161824602875,32.842911440782515,67.1570885592175
2000,10,195564.0,400203.03,595767.03,8659.0,1934.0,967838.0,0.0,2000-10-01,4.4277065308543495,0.4832547119895619,61.556482593161256,32.82558284569725,67.17441715430274
2000,11,195906.0,400714.45,596620.45,9603.0,2056.0,967838.0,0.0,2000-11-01,4.901840678692842,0.5130835686110147,61.64466057336041,32.83595123164149,67.16404876835853
2000,12,192665.3,405355.31,598020.61,11302.0,2232.0,967838.0,0.0,2000-12-01,5.866131576365854,0.5506280403727781,61.78932941256697,32.21716723107587,67.78283276892414
2001,1,193332.95,403645.68,596978.63,13606.0,2915.0,1020022.0,3.8,2001-01-01,7.037600160758939,0.722168016266147,58.52605434000443,32.38523797744653,67.61476202255346
2001,2,199537.27,402555.4,602092.67,14901.0,3293.0,1020022.0,3.8,2001-02-01,7.467777824162875,0.8180240533352676,59.0274199968236,33.14062434940455,66.85937565059544
2001,3,200622.58,403373.54,603996.12,16906.0,3727.0,1020022.0,3.8,2001-03-01,8.426768312918716,0.9239574811972051,59.21402871702767,33.21587231388175,66.78412768611824
2001,4,210581.44,402308.31,612889.75,19225.0,4205.0,1020022.0,3.8,2001-04-01,9.129484535769155,1.0452182804774774,60.085934421022294,34.35877986212039,65.64122013787961
2001,5,202880.88,408100.64,610981.52,20500.0,4445.0,1020022.0,3.8,2001-05-01,10.104451439682242,1.089192116924884,59.898857083474674,33.20573100148757,66.79426899851244
2001,6,211812.6,393978.0,605790.6,23232.0,7803.0,1020022.0,3.8,2001-06-01,10.9681860285932,1.9805674428521391,59.389954334318276,34.96465610394087,65.03534389605915
2001,7,205012.0,393491.36,598503.36,2349.0,1232.0,1020022.0,3.8,2001-07-01,1.1457865881021598,0.31309454926786706,58.67553444925697,34.25411011894737,65.74588988105263
2001,8,214767.0,392335.83,607102.83,3772.0,1617.0,1020022.0,3.8,2001-08-01,1.7563219675275996,0.412146909957217,59.5186015595742,35.37572045249732,64.6242795475027
2001,9,219165.0,392052.74,611217.74,5742.0,2436.0,1020022.0,3.8,2001-09-01,2.619943877900212,0.6213449751683919,59.92201540751082,35.85710715791725,64.14289284208276
2001,10,225952.0,389276.05,615228.05,7844.0,3006.0,1020022.0,3.8,2001-10-01,3.4715337770853982,0.7722026567008169,60.315174574666045,36.7265439213963,63.273456078603694
2001,11,217524.0,386971.92,604495.92,9534.0,3238.0,1020022.0,3.8,2001-11-01,4.38296463838473,0.8367532197168207,59.26302766018773,35.9843619788203,64.01563802117968
2001,12,221984.0,384302.58,606286.58,11985.0,4150.0,1020022.0,3.8,2001-12-01,5.399037768487819,1.0798782563468607,59.43857877575189,36.61370832255598,63.38629167744403
2002,1,222711.0,382302.84,605013.84,14135.0,4998.0,1035374.0,0.5,2002-01-01,6.346790234878386,1.3073405366279778,58.43432807854939,36.810893449974635,63.18910655002538
2002,2,227581.0,381497.47,609078.47,15878.0,5456.0,1035374.0,0.5,2002-02-01,6.976856591718993,1.4301536521330012,58.82690409455906,37.36480785472519,62.63519214527481
2002,3,229167.0,380169.06,609336.06,18044.0,6186.0,1035374.0,0.5,2002-03-01,7.873734001841452,1.62717081710963,58.85178302719597,37.60929559954157,62.39070440045842
2002,4,233149.0,378475.98,611624.98,20423.0,6754.0,1035374.0,0.5,2002-04-01,8.759634396887828,1.7845254010571556,59.07285483313276,38.11960067425631,61.880399325743696
2002,5,231773.0,378594.34,610367.34,21852.0,6941.0,1035374.0,0.5,2002-05-01,9.428190513994297,1.8333607417374491,58.95138761452383,37.97270673099907,62.027293269000936
2002,6,235991.0,377748.0,613739.0,23744.0,6640.0,1035374.0,0.5,2002-06-01,10.06140064663483,1.7577856136895498,59.27703419247538,38.45136124639301,61.54863875360699
2002,7,242102.05,376712.94,618814.99,3105.0,732.0,1035374.0,0.5,2002-07-01,1.2825170212313362,0.19431241199200644,59.76729085335347,39.123494729822234,60.87650527017776
2002,8,247168.98,376868.51,624037.49,5076.0,1170.0,1035374.0,0.5,2002-08-01,2.053655762142968,0.31045310737158693,60.27169795648722,39.60803380578946,60.391966194210546
2002,9,250808.6,375034.19,625842.79,7374.0,1742.0,1035374.0,0.5,2002-09-01,2.9400905710569734,0.46449098414200585,60.446060071046794,40.07533585231524,59.92466414768476
2002,10,251196.67,373140.09,624336.76,9592.0,3938.0,1035374.0,0.5,2002-10-01,3.818521957317348,1.055367703856211,60.30060248760351,40.23416305008214,59.76583694991786
2002,11,255192.66,371334.71,626527.37,11240.0,4868.0,1035374.0,0.5,2002-11-01,4.404515396328406,1.310946665879955,60.51217917390238,40.73128680715098,59.26871319284902
2002,12,259828.23,369729.83,629558.06,13533.0,5634.0,1035374.0,0.5,2002-12-01,5.208440976563631,1.5238153762167364,60.804893690589104,41.27152783970393,58.728472160296064
2003,1,263986.33,369051.09,633037.42,16005.0,6316.0,1131783.0,2.9,2003-01-01,6.062813934342736,1.711416161919478,55.932755660758296,41.7015363799505,58.29846362004951
2003,2,264193.21,367469.4,631662.61,18044.0,6632.0,1131783.0,2.9,2003-02-01,6.829850017719985,1.8047761255767145,55.811282728226175,41.82505119307284,58.174948806927176
2003,3,270716.28,364904.26,635620.54,20862.0,7154.0,1131783.0,2.9,2003-03-01,7.706222913524077,1.9605142455722493,56.160990225158,42.59086403973038,57.40913596026963
2003,4,276083.44,363605.43,639688.88,23329.0,7582.0,1131783.0,2.9,2003-04-01,8.449981643230757,2.0852273850805805,56.5204531257317,43.15901817771164,56.84098025902842
2003,5,280928.98,361731.2,642660.18,25183.0,7639.0,1131783.0,2.9,2003-05-01,8.96418731880207,2.1117890853761025,56.782985784377395,43.71345677586558,56.28654322413441
2003,6,289376.97,407053.0,696429.97,27567.0,8459.0,1131783.0,2.9,2003-06-01,9.526328235450112,2.07810776483652,61.53387796070447,41.55148147917873,58.44851852082127
2003,7,292277.47,398532.85,690810.32,2124.98,910.0,1131783.0,2.9,2003-07-01,0.7270420125095514,0.22833751345717174,61.03734726533266,42.309366484276026,57.69063351572397
2003,8,295494.51,397991.28,693485.79,4262.5,1310.0,1131783.0,2.9,2003-08-01,1.4424971888648626,0.3291529402352735,61.273741521121984,42.61003098563851,57.3899690143615
2003,9,303252.05,411067.0,714319.05,6504.0,1832.0,1131783.0,2.9,2003-09-01,2.1447505466162555,0.44566944074810194,63.11448837807247,42.45330570422278,57.546694295777215
2003,10,301918.96,409359.85,711278.82,8768.0,2526.0,1131783.0,2.9,2003-10-01,2.904090554630951,0.6170610039064652,62.84586532930783,42.44734294211095,57.55265565197063
2003,11,303548.41,406592.25,710140.65,10684.0,2635.0,1131783.0,2.9,2003-11-01,3.5197021786409626,0.6480694110623112,62.74530099851297,42.744829492580095,57.25517191559165
2003,12,301190.58,410149.0,711339.58,12701.0,3382.0,1131783.0,2.9,2003-12-01,4.216931352899549,0.8245783849284041,62.85123384959837,42.34132170741856,57.65867829258144
2004,1,299701.26,409158.26,708859.52,14301.0,4092.0,1274328.0,5.1,2004-01-01,4.77175171035317,1.0001020143159276,55.626143347709544,42.279358821336,57.720641178664
2004,2,300907.92,407417.62,708325.54,16410.0,4498.0,1274328.0,5.1,2004-02-01,5.453495541094433,1.104026870511884,55.584240478118666,42.48158551504439,57.518414484955606
2004,3,302023.58,412036.08,714059.66,18710.0,4974.0,1274328.0,5.1,2004-03-01,6.194880545419665,1.2071758376111141,56.034212541825966,42.29668708634234,57.70331291365767
2004,4,301177.37,409950.33,711127.7,20309.0,5608.0,1274328.0,5.1,2004-04-01,6.743202518834665,1.367970602682525,55.804133629646365,42.352079661641646,57.64792033835836
2004,5,299347.29,408547.54,707894.83,21857.0,5662.0,1274328.0,5.1,2004-05-01,7.301552654777667,1.385885226478172,55.55044148759188,42.28697220461407,57.713027795385926
2004,6,306234.66,443157.43,749392.09,23281.0,6419.0,1274328.0,5.1,2004-06-01,7.602339983331737,1.4484694524923118,58.80684486254716,40.86441051172557,59.13558948827442
2004,7,303462.12,444611.0,748073.12,1733.82,1108.0,1274328.0,5.1,2004-07-01,0.5713464336174808,0.24920660982296886,58.70334168283205,40.565836665806145,59.434163334193855
2004,8,301678.34,444460.66,746138.99,3661.0,1536.0,1274328.0,5.1,2004-08-01,1.21354420075369,0.3455873912440305,58.55156521711835,40.431922744045316,59.568078596187554
2004,9,299745.58,454438.56,754184.14,5228.0,2184.0,1274328.0,5.1,2004-09-01,1.7441458185972247,0.48059302009935073,59.18289011934134,39.744349436995584,60.255650563004416
2004,10,301541.3,454539.95,756081.25,6643.0,2796.0,1274328.0,5.1,2004-10-01,2.203014976721265,0.6151274491934097,59.33176152450547,39.882129070123085,60.117870929876915
2004,11,302543.91,454664.42,757208.33,8144.0,3100.0,1274328.0,5.1,2004-11-01,2.691840665376474,0.6818215509364027,59.42020657162049,39.955174555462165,60.04482544453783
2004,12,295374.44,439992.95,735367.39,9777.0,4121.0,1274328.0,5.1,2004-12-01,3.3100358988408067,0.9366059160720643,57.70628833392972,40.16692119023663,59.83307880976337
2005,1,291222.66,446226.13,737448.8,11984.01,5190.43,1415823.0,5.7,2005-01-01,4.115067831603489,1.1631837875563227,52.08622829266088,39.490559887005034,60.50943875696861
2005,2,292227.33,445544.58,737771.91,13855.0,5612.0,1415823.0,5.7,2005-02-01,4.741171881493767,1.2595821500061788,52.10904964815517,39.609441080509555,60.390558919490445
2005,3,296330.22,424857.08,721187.3,16368.0,6196.0,1415823.0,5.7,2005-03-01,5.523567592937366,1.4583727779704176,50.937673706388445,41.089217738581915,58.910782261418085
2005,4,307160.62,424345.69,731506.31,18406.0,6724.0,1415823.0,5.7,2005-04-01,5.992304612485806,1.5845571566898677,51.66650845479979,41.990153167646625,58.00984683235336
2005,5,304975.65,423476.45,728452.1,20500.0,7011.0,1415823.0,5.7,2005-05-01,6.721848121317225,1.6555820282332112,51.450788693219415,41.8662599778352,58.133740022164815
2005,6,315572.5,433975.65,749548.15,23375.0,7427.0,1415823.0,5.7,2005-06-01,7.407172678227665,1.711386341606954,52.94080898530395,42.101698203110764,57.89830179688923
2005,7,324027.42,435399.9,759427.32,2098.0,1946.0,1415823.0,5.7,2005-07-01,0.6474760685376565,0.4469454402722646,53.63857770356888,42.66733780396523,57.332662196034775
2005,8,325380.53,434850.69,760231.23,4201.0,2603.0,1415823.0,5.7,2005-08-01,1.2911036809731669,0.5985962676062443,53.69535810620395,42.80020566900416,57.19979301560658
2005,9,328799.98,418860.33,747660.31,6529.0,3222.0,1415823.0,5.7,2005-09-01,1.9857057168920753,0.769230163190675,52.807470284068,43.97718798260134,56.02281201739865
2005,10,332725.65,418417.49,751143.14,8970.0,5031.0,1415823.0,5.7,2005-10-01,2.6959147874532663,1.2023875961781618,53.05346360385443,44.29590477255773,55.70409522744227
2005,11,333501.48,417897.89,751399.38,11198.0,5155.0,1415823.0,5.7,2005-11-01,3.357706238664968,1.2335549241466617,53.071561911340616,44.384050463283586,55.61594820586624
2005,12,335001.89,408601.92,743603.81,13761.0,5824.0,1415823.0,5.7,2005-12-01,4.107738019030281,1.4253481726174955,52.5209584813921,45.05112608285317,54.94887391714681
2006,1,333950.84,407544.63,741495.47,16873.0,6887.0,1622565.0,6.5,2006-01-01,5.052540068472354,1.6898762719557856,45.698968608345425,45.03747541438116,54.962524585618844
2006,2,338613.23,407132.44,745745.67,19690.0,8075.0,1622565.0,6.5,2006-02-01,5.8148938835024255,1.9833840801288152,45.96091188950828,45.405993440096,54.594006559903995
2006,3,346064.04,407003.71,753067.75,22772.0,8715.0,1622565.0,6.5,2006-03-01,6.580284966909593,2.141258122683943,46.41217763232906,45.95390520972382,54.04609479027618
2006,4,348220.36,406531.77,754752.13,25419.0,9276.0,1622565.0,6.5,2006-04-01,7.299688048108388,2.28174048980231,46.51598734103102,46.137048993819995,53.862951006180005
2006,5,349489.93,406493.69,755983.63,28364.0,9378.0,1622565.0,6.5,2006-05-01,8.115827543300032,2.3070468818347463,46.59188568716816,46.22982775433907,53.770170922880965
2006,6,357838.95,431236.83,789075.78,31445.0,9664.0,1622565.0,6.5,2006-06-01,8.787472688481786,2.240995974300247,48.63138179364155,45.34912350243471,54.65087649756529
2006,7,364835.71,430667.84,795503.56,3009.0,582.0,1622565.0,6.5,2006-07-01,0.8247547916841801,0.13513895070502593,49.02753110044898,45.86223473343098,54.13776400950362
2006,8,367963.31,431095.63,799058.94,5964.0,925.0,1622565.0,6.5,2006-08-01,1.6208137708077472,0.21456956081879092,49.246652060163996,46.049583025752774,53.95041697424724
2006,9,371591.47,422647.93,794239.41,8918.0,1531.0,1622565.0,6.5,2006-09-01,2.3999474476634246,0.3622400327383598,48.94962050826931,46.78582620320993,53.21417253772386
2006,10,375524.02,424414.09,799938.11,11732.0,1861.0,1622565.0,6.5,2006-10-01,3.124167663096491,0.43848685607963667,49.300836021977545,46.944134215583254,53.05586578441675
2006,11,381034.85,424933.07,805967.92,14389.0,1957.0,1622565.0,6.5,2006-11-01,3.776295002937396,0.4605431156487773,49.67245811415876,47.27667696749022,52.72332303250978
2006,12,385121.22,407742.55,792863.77,17559.0,2756.0,1622565.0,6.5,2006-12-01,4.5593436788551935,0.6759167028312351,48.86483869675483,48.573441563611865,51.42655843638813
2007,1,378127.61,417467.73,795595.34,20634.0,3224.0,1833511.0,6.9,2007-01-01,5.456887953778356,0.7722752606530809,43.39190438453873,47.527630063796,52.472369936204
2007,2,385824.93,416510.41,802335.34,23507.0,3560.0,1833511.0,6.9,2007-02-01,6.092659694126038,0.854720533875732,43.759505124321585,48.08773972239588,51.912260277604126
2007,3,386287.74,409055.74,795343.48,27789.0,4158.0,1833511.0,6.9,2007-03-01,7.193860203795232,1.016487386291169,43.378167897547385,48.56866872159435,51.43133127840566
2007,4,390491.89,420265.23,810757.12,30959.0,4532.0,1833511.0,6.9,2007-04-01,7.928205628034937,1.0783666305204453,44.21883042970563,48.163855779644585,51.83614422035541
2007,5,390795.61,419743.45,810539.06,33698.0,4623.0,1833511.0,6.9,2007-05-01,8.622921838860984,1.1013870496371057,44.20693740043011,48.214284700850804,51.78571529914918
2007,6,404690.11,396564.0,801254.11,36860.0,5677.0,1833511.0,6.9,2007-06-01,9.108203805623024,1.431546988632352,43.70053465727776,50.50708694648692,49.49291305351308
2007,7,410229.01,410512.75,820741.77,3443.0,400.0,1833511.0,6.9,2007-07-01,0.8392873044253988,0.09743911729903638,44.76339492918232,49.98271380777903,50.01728497381095
2007,8,415915.04,409066.12,824981.16,7413.0,685.0,1833511.0,6.9,2007-08-01,1.7823351615272196,0.1674545914484436,44.994611976693896,50.41509553987875,49.584904460121244
2007,9,426821.36,408680.79,835502.14,10454.0,1069.0,1833511.0,6.9,2007-09-01,2.449268237184756,0.26157334187398434,45.56842800506787,51.08560942764312,48.9143917692419
2007,10,418488.14,419738.84,838226.99,14026.0,1501.0,1833511.0,6.9,2007-10-01,3.3515884106058533,0.3576033135270493,45.71704178485976,49.92539550653219,50.07460330047354
2007,11,426062.44,424243.21,850305.66,17568.0,1729.0,1833511.0,6.9,2007-11-01,4.123339292710242,0.40754924516057656,46.3758144892504,50.106974473155915,49.893024350796395
2007,12,438059.11,406923.0,844982.11,21111.0,2330.0,1833511.0,6.9,2007-12-01,4.819212640047596,0.5725899003005482,46.08546717199951,51.842412379594634,48.157587620405366
2008,1,432183.9,424205.02,856388.92,24572.0,2752.0,2107589.0,1.5,2008-01-01,5.685542659039357,0.6487429120947225,40.63358273363545,50.46584442031315,49.53415557968685
2008,2,434621.39,425976.18,860597.57,27931.0,3036.0,2107589.0,1.5,2008-02-01,6.426512970288922,0.712715908199374,40.833272995826036,50.50227948005942,49.49772051994058
2008,3,444736.37,425086.89,869823.26,30969.0,4069.0,2107589.0,1.5,2008-03-01,6.9634511789535,0.9572160646967965,41.271009670291505,51.12950991906102,48.87049008093897
2008,4,437870.94,425992.78,863863.72,33692.0,4492.0,2107589.0,1.5,2008-04-01,7.694504686700607,1.0544779655655196,40.9882439128312,50.68750195922107,49.312498040778934
2008,5,442684.75,429644.66,872329.41,38243.0,4719.0,2107589.0,1.5,2008-05-01,8.63887902169659,1.0983495058451327,41.38992042566174,50.747429230891115,49.25257076910888
2008,6,430611.73,439967.0,870578.73,42181.0,5696.0,2107589.0,1.5,2008-06-01,9.79559939066221,1.2946425527369096,41.30685489438405,49.462698221446324,50.537301778553676
2008,7,428148.13,432808.95,860957.07,3213.0,356.0,2107589.0,1.5,2008-07-01,0.7504412082799474,0.08225338223712796,40.85033040123098,49.72932390229399,50.27067725920411
2008,8,433489.36,433670.73,867160.09,6742.0,605.0,2107589.0,1.5,2008-08-01,1.5552861551203934,0.13950676357613528,41.14464869573716,49.9895423000844,50.01045769991559
2008,9,449333.84,432954.02,882287.86,10417.0,1087.0,2107589.0,1.5,2008-09-01,2.318320828006188,0.25106592150362755,41.862424789653005,50.928258267092104,49.071741732907896
2008,10,454685.97,434487.59,889173.56,13629.0,1536.0,2107589.0,1.5,2008-10-01,2.9974533852452057,0.3535198784388755,42.189134598823586,51.13579513093034,48.86420486906965
2008,11,451392.1,450248.35,901640.45,18805.0,1692.0,2107589.0,1.5,2008-11-01,4.166001132939632,0.3757926042371949,42.780658373145805,50.06342605858023,49.93657394141977
2008,12,456227.91,516671.33,972899.25,21359.0,2637.0,2107589.0,1.5,2008-12-01,4.681651326417097,0.5103824901606211,46.16171606513414,46.89364392047789,53.106355051666455
2009,1,454266.44,512475.65,966742.1,25176.0,3380.0,3275642.0,2.7,2009-01-01,5.542121931789634,0.6595435314829103,29.513057287701162,46.98941320544539,53.01058576015259
2009,2,478896.43,514635.34,993531.77,30472.0,3944.0,3275642.0,2.7,2009-02-01,6.362962446807131,0.7663678907087881,30.33090215597431,48.20142087655637,51.79857912344363
2009,3,474749.81,513623.0,988372.81,33510.0,4442.0,3275642.0,2.7,2009-03-01,7.0584546416142855,0.8648366603520481,30.173407533546097,48.033475344187174,51.96652465581282
2009,4,497450.16,511981.59,1009431.75,37346.0,4896.0,3275642.0,2.7,2009-04-01,7.5074857750573445,0.9562843851475206,30.81630257518984,49.280217310382795,50.71978268961721
2009,5,489234.39,517929.1,1007163.49,42089.0,6267.0,3275642.0,2.7,2009-05-01,8.603033813710438,1.2100111772055289,30.747056302245486,48.5754691127654,51.424530887234596
2009,6,518346.15,535143.7,1053489.84,45949.0,6109.0,3275642.0,2.7,2009-06-01,8.864539651736585,1.1415625373147438,32.16132410074117,49.202766872436094,50.797234076789955
2009,7,530400.97,532144.51,1062545.48,4509.0,558.0,3275642.0,2.7,2009-07-01,0.8501115674807307,0.10485873470723206,32.437777998938834,49.917954570754,50.082045429246
2009,8,547182.36,530075.39,1077257.75,8834.0,826.0,3275642.0,2.7,2009-08-01,1.61445262964983,0.15582689096356653,32.886919571796916,50.79400542720626,49.20599457279374
2009,9,550613.8,524982.6,1075596.4,13497.0,1490.0,3275642.0,2.7,2009-09-01,2.4512643889419405,0.28381893037978784,32.83620126985794,51.19148781085545,48.80851218914455
2009,10,567125.13,523899.66,1091024.79,19631.0,1917.0,3275642.0,2.7,2009-10-01,3.4614935860803766,0.3659097621861408,33.307204816643576,51.98095727962332,48.01904272037668
2009,11,562926.79,521232.48,1084159.26,25789.0,2199.0,3275642.0,2.7,2009-11-01,4.581235154930181,0.4218846837787239,33.09761139953633,51.92288723337566,48.077113688998054
2009,12,588970.31,588970.31,1177940.63,31144.0,3167.0,3275642.0,2.7,2009-12-01,5.287872660338345,0.5377181067072803,35.96060344811796,49.9999995755304,49.9999995755304
2010,1,580721.47,525552.75,1106274.22,34415.0,3623.0,3597630.0,8.1,2010-01-01,5.926248946848823,0.6893694305661991,30.7500832492502,52.493446877935924,47.506553122064076
2010,2,607512.61,525369.18,1132881.79,38861.0,3886.0,3597630.0,8.1,2010-02-01,6.396739649568755,0.739670340007383,31.489669310073577,53.62541929462914,46.37458070537086
2010,3,639116.32,538157.99,1177274.31,43440.0,4483.0,3597630.0,8.1,2010-03-01,6.796884798685785,0.8330267474055343,32.723607208078654,54.287799756710896,45.71220024328909
2010,4,653614.42,537424.84,1191039.26,46510.0,4898.0,3597630.0,8.1,2010-04-01,7.1158160800675105,0.9113832550054813,33.106218816276275,54.87765533438419,45.122344665615806
2010,5,650261.96,541976.71,1192238.67,51923.0,5194.0,3597630.0,8.1,2010-05-01,7.984935794183625,0.9583437635170708,33.139557708824974,54.541257246755805,45.458742753244195
2010,6,660267.68,565452.0,1225719.68,58438.0,6341.0,3597630.0,8.1,2010-06-01,8.850652814022336,1.1214037619461952,34.07019843619271,53.86775547244213,46.13224452755789
2010,7,667803.42,562941.95,1230745.37,3762.0,491.0,3597630.0,8.1,2010-07-01,0.5633394330325532,0.08722036082050734,34.209892901715854,54.26007980838473,45.739920191615255
2010,8,698047.35,566166.88,1264214.23,9380.0,747.0,3597630.0,8.1,2010-08-01,1.3437483861230903,0.13193989729671224,35.140195906749724,55.2159067217587,44.7840932782413
2010,9,704702.77,594223.0,1298925.77,14487.0,1596.0,3597630.0,8.1,2010-09-01,2.0557603314089428,0.26858603588215196,36.1050405405781,54.252736089761314,45.747263910238686
2010,10,696132.65,598080.46,1294213.11,21612.0,2303.0,3597630.0,8.1,2010-10-01,3.104580714609493,0.38506524690674565,35.97404708099499,53.78810063205124,46.21189936794875
2010,11,711448.98,599251.46,1310700.44,27223.0,2789.0,3597630.0,8.1,2010-11-01,3.8264163369803414,0.4654139682863685,36.43233017291939,54.280059599278076,45.71994040072192
2010,12,720207.97,599930.46,1320138.43,34214.0,3634.0,3597630.0,8.1,2010-12-01,4.750572254844667,0.6057368715700817,36.69466926837946,54.555488548272926,45.444511451727074
2011,1,730197.77,615604.98,1345802.75,36737.0,4169.0,4162514.0,5.1,2011-01-01,5.0311027380979265,0.6772199925998,32.3314888550525,54.25741402296882,45.74258597703118
2011,2,746670.28,630400.03,1377070.31,41645.0,4429.0,4162514.0,5.1,2011-02-01,5.577428366373441,0.7025697635198399,33.082658941207164,54.22165263297267,45.77834736702732
2011,3,754048.1,642847.92,1396896.02,49214.0,5159.0,4162514.0,5.1,2011-03-01,6.526639348338654,0.8025226246356992,33.558950672598336,53.98025974760813,46.01974025239187
2011,4,735460.06,652675.73,1388135.79,52846.0,5159.0,4162514.0,5.1,2011-04-01,7.1854343796725,0.7904384616844876,33.3484954044599,52.98185273358595,47.01814726641404
2011,5,746574.73,675887.12,1422461.85,58183.0,6174.0,4162514.0,5.1,2011-05-01,7.793325659442023,0.9134661420978107,34.17314272096142,52.48469264746889,47.5153073525311
2011,6,764222.8,722888.31,1487111.11,69209.0,6989.0,4162514.0,5.1,2011-06-01,9.056128657768388,0.9668160216894363,35.72627287259575,51.38975795830078,48.61024204169922
2011,7,781713.03,744486.6,1526199.63,2737.0,567.0,4162514.0,5.1,2011-07-01,0.3501284864088807,0.07615986640995284,36.66533325773799,51.21957931545299,48.78042068454702
2011,8,776852.6,768510.85,1545363.45,11384.0,826.0,4162514.0,5.1,2011-08-01,1.4654002573976068,0.10748059054729027,37.12572378134944,50.26989605584369,49.730103944156305
2011,9,764274.59,799834.03,1564108.62,17366.0,1551.0,4162514.0,5.1,2011-09-01,2.2722199883683167,0.1939152301384326,37.57605668113069,48.863268204480576,51.13673179551942
2011,10,794565.56,810011.6,1604577.16,23738.0,2102.0,4162514.0,5.1,2011-10-01,2.9875445394335993,0.2595024565080302,38.54827058839922,49.518688150839694,50.48131184916031
2011,11,803894.34,728645.25,1532539.59,29467.0,2559.0,4162514.0,5.1,2011-11-01,3.665531467729951,0.35119970932357003,36.81764409681265,52.455045549590004,47.54495445040999
2011,12,799880.06,685607.92,1485487.98,37749.14,3454.61,4162514.0,5.1,2011-12-01,4.719350048556029,0.5038754511470638,35.68727888963256,53.846282889478516,46.15371711052149
2012,1,809278.11,686718.48,1495996.59,38182.22,4060.8,4767191.0,4.6,2012-01-01,4.718059160156946,0.5913340208931032,31.381091926041982,54.09625365523058,45.9037463447694
2012,2,877292.72,663050.0,1540342.72,51178.0,4339.0,4767191.0,4.6,2012-02-01,5.833628711748571,0.654400120654551,32.31132799168315,56.95438480080589,43.04561519919412
2012,3,887871.4,676330.0,1564201.4,56422.0,5099.0,4767191.0,4.6,2012-03-01,6.354749122451741,0.7539219020300741,32.81180468749836,56.7619617269234,43.238038273076604
2012,4,896036.72,700900.0,1596936.72,65007.0,5645.0,4767191.0,4.6,2012-04-01,7.254948212390225,0.8053930660579255,33.49848411779599,56.10971986416594,43.89028013583406
2012,5,889056.81,721040.0,1610096.81,73800.0,6134.0,4767191.0,4.6,2012-05-01,8.30093186058605,0.8507156329745923,33.774539555893604,55.217599617503744,44.78240038249625
2012,6,858829.55,774550.0,1633379.55,82339.0,8880.0,4767191.0,4.6,2012-06-01,9.587350598264813,1.1464721451165192,34.26293492331228,52.57991322347583,47.420086776524165
2012,7,872160.52,767390.0,1639550.52,6815.19,698.1526121,4767191.0,4.6,2012-07-01,0.7814146414240349,0.09097754884739181,34.39238159326949,53.19509886160751,46.80490113839249
2012,8,901934.27,771760.0,1673694.27,18183.87,1686.45,4767191.0,4.6,2012-08-01,2.0160970266713556,0.21852000621955014,35.108605256219015,53.88883060464801,46.111169395352
2012,9,922196.19,802457.33,1724653.52,25209.18,2922.52,4767191.0,4.6,2012-09-01,2.733602705515407,0.36419631184626355,36.177562845709346,53.471388850323976,46.52861114967602
2012,10,929321.62,812307.84,1741629.46,36129.28,3683.09,4767191.0,4.6,2012-10-01,3.887704667841473,0.45341061831928153,36.533662276170595,53.35931903678295,46.64068096321706
2012,11,958438.68,824583.12,1783021.8,45835.69,4462.05,4767191.0,4.6,2012-11-01,4.782328901834387,0.5411279823433689,37.40193753512288,53.75361535119762,46.24638464880238
2012,12,971265.44,821972.82,1793238.26,53622.58,5528.77,4767191.0,4.6,2012-12-01,5.520898591841177,0.6726219974037585,37.61624528994118,54.162654325700146,45.837345674299854
2013,1,978335.91,833609.46,1811945.37,59307.55,6834.88,5311322.0,3.8,2013-01-01,6.062084545174264,0.8199139198828191,34.11477161429867,53.99367586893638,46.006324131063614
2013,2,943750.18,826267.68,1770017.86,71512.07,7427.72,5311322.0,3.8,2013-02-01,7.5774364355617925,0.8989483892193386,33.325372854441895,53.31868120245973,46.681318797540264
2013,3,981910.93,812700.17,1794611.1,78929.14,8732.27,5311322.0,3.8,2013-03-01,8.038319728246634,1.0744762118113005,33.78840710467187,54.71441305584257,45.28558694415743
2013,4,1065609.39,816796.56,1882405.95,87699.14,9485.34,5311322.0,3.8,2013-04-01,8.229951877582462,1.1612854980682092,35.4413825785746,56.60890468392324,43.39109531607675
2013,5,1074797.69,832238.14,1907035.82,101275.29,10299.86,5311322.0,3.8,2013-05-01,9.422730523360167,1.2376097062795033,35.90510648761269,56.359596328924745,43.64040419544925
2013,6,1050628.57,843562.27,1894190.84,94513.54,11335.23,5311322.0,3.8,2013-06-01,8.995904232834635,1.3437336404341553,35.663265002573745,55.46582465787871,44.53417534212128
2013,7,1078604.0,875230.0,1953834.0,3315.2,504.2940934,5311322.0,3.8,2013-07-01,0.30736025455125326,0.05761846524913451,36.78620878191908,55.20448513026184,44.79551486973817
2013,8,1116676.22,887560.0,2004236.22,14654.6,809.3578708,5311322.0,3.8,2013-08-01,1.3123410114348097,0.09118908815178692,37.735166875591425,55.715798809383855,44.284201190616145
2013,9,1168115.36,889313.51,2057428.87,28377.45,2913.05,5311322.0,3.8,2013-09-01,2.4293362600762305,0.32756164920962466,38.73666236014311,56.77549183024734,43.22450816975267
2013,10,1174782.27,887991.23,2062773.5,40650.43,3480.51,5311322.0,3.8,2013-10-01,3.4602522559350506,0.3919531953035167,38.83728947331757,56.95158823787489,43.04841176212511
2013,11,1170053.22,912234.31,2082287.54,50945.13,4016.0,5311322.0,3.8,2013-11-01,4.354086560267746,0.44023777180667534,39.20469404792254,56.19076124328151,43.809238276477416
2013,12,1189182.59,922369.15,2111551.74,60096.26,5019.9,5311322.0,3.8,2013-12-01,5.053577180271366,0.5442397981328841,39.755671751778564,56.31794700896129,43.68205299103871
2014,1,1200901.86,920500.71,2121402.56,64918.71,5688.91,6003835.0,5.0,2014-01-01,5.4058297486524,0.6180234233605317,35.334124938476826,56.6088625819326,43.39113788945366
2014,2,1229416.28,937328.35,2166744.63,75748.55,6040.25,6003835.0,5.0,2014-02-01,6.16134268207348,0.6444113207500872,36.089343394680235,56.740248157439765,43.25975184256024
2014,3,1231183.1,940402.99,2171586.09,82561.9,8192.83,6003835.0,5.0,2014-03-01,6.705899390594299,0.8712041632279369,36.16998285262669,56.69510896526327,43.304891034736734
2014,4,1216759.23,950981.15,2167740.39,89273.47,8759.89,6003835.0,5.0,2014-04-01,7.336987285479643,0.9211423380999718,36.10592879384594,56.13030211611271,43.86969742257743
2014,5,1232041.55,957893.23,2189934.78,108703.69,9479.74,6003835.0,5.0,2014-05-01,8.823053897817001,0.989644743600495,36.47559901296421,56.259280470443976,43.74071952955604
2014,6,1284327.25,1085928.57,2370255.82,119193.05,14934.32,6003835.0,5.0,2014-06-01,9.280582499514823,1.3752580429852765,39.47902998666685,54.18517440872691,45.8148255912731
2014,7,1296444.73,1089655.77,2386100.5,4509.05,462.6764361,6003835.0,5.0,2014-07-01,0.34780117467869226,0.04246078888748508,39.7429393046278,54.33319887406252,45.66680112593749
2014,8,1281093.66,1090984.32,2372077.98,18657.0,1051.22,6003835.0,5.0,2014-08-01,1.4563338015426601,0.09635518867952199,39.50937992133362,54.00723208939362,45.99276791060638
2014,9,1260874.56,1087827.67,2348702.23,34672.73,3848.46,6003835.0,5.0,2014-09-01,2.7498952790355293,0.3537747849344557,39.120032945608926,53.68388312042433,46.31611687957566
2014,10,1254913.42,1088832.15,2343745.57,39569.1,4179.79,6003835.0,5.0,2014-10-01,3.1531338632110573,0.38387826810587844,39.03747471407858,53.54307379021521,46.4569262097848
2014,11,1303363.31,1088951.54,2392314.85,51230.69,5164.95,6003835.0,5.0,2014-11-01,3.9306530732401854,0.4743048529046572,39.84644564682407,54.48126152792974,45.51873847207026
2014,12,1307748.71,1170696.28,2478444.99,56110.24,11375.15,6003835.0,5.0,2014-12-01,4.290598000284015,0.9716567989777843,41.28103104099297,52.76488747083307,47.235112529166926
2015,1,1334642.8,1163350.79,2497993.59,61630.83,12806.62,6884317.0,5.0,2015-01-01,4.617777131079567,1.1008390684979894,36.2852784088821,53.428591864401064,46.57140813559894
2015,2,1353302.65,1296748.46,2650051.11,72382.34,18914.55,6884317.0,5.0,2015-02-01,5.348570033465907,1.458613646628121,38.49403085302434,51.06703960890777,48.93296039109224
2015,3,1397125.72,1278107.87,2675233.59,85699.5,21303.29,6884317.0,5.0,2015-03-01,6.1339862814922625,1.666783414767644,38.85982574596725,52.22443846482954,47.775561535170475
2015,4,1415431.51,1326835.19,2742266.71,97735.57,21303.29,6884317.0,5.0,2015-04-01,6.905001712163382,1.6055716761627346,39.83353337738515,51.61538463193466,48.38461500340351
2015,5,1407811.19,1381156.98,2788968.18,109786.1,21309.01,6884317.0,5.0,2015-05-01,7.798353982397313,1.5428376577440168,40.511908152980176,50.47785055762092,49.522149083823535
2015,6,1420444.38,1408613.59,2829057.97,139727.92,29289.05,6884317.0,5.0,2015-06-01,9.836915965692372,2.079282083314275,41.09424319071885,50.20909416006063,49.79090583993936
2015,7,1418568.23,1473143.7,2891711.93,6722.04,1973.01,6884317.0,5.0,2015-07-01,0.4738608871848201,0.13393194431744845,42.004340154586146,49.05634670186528,50.943653298134706
2015,8,1403100.2,1530678.61,2933778.82,19393.26,2454.2,6884317.0,5.0,2015-08-01,1.3821721356749859,0.16033411481460497,42.61539409065561,47.82569805313408,52.1743016060086
2015,9,1388262.31,1550232.74,2938495.05,37395.18,5635.86,6884317.0,5.0,2015-09-01,2.693668172839757,0.36354928228389755,42.683900959238215,47.24399008261049,52.75600991738953
2015,10,1454245.39,1490713.76,2944959.15,51557.36,5635.86,6884317.0,5.0,2015-10-01,3.545299875421988,0.3780645319863419,42.77779698407264,49.380834026169765,50.619165973830235
2015,11,1516373.47,1562515.56,3078889.04,67275.85,5990.23,6884317.0,5.0,2015-11-01,4.43662800299454,0.3833709022392071,44.723231658274884,49.25066965063476,50.74933002457276
2015,12,1540579.13,1615184.2,3155763.33,85715.0,15067.0,6884317.0,5.0,2015-12-01,5.5638167706452055,0.9328347813209169,45.839889853997136,48.81795524254349,51.18204475745651
2016,1,1522769.88,1654744.49,3177514.38,92686.07,17374.18,7594064.0,4.2,2016-01-01,6.086676077412301,1.049961495868163,41.8420806040086,47.923304126793596,52.076695558495004
2016,2,1605227.98,1646555.21,3251783.19,105146.71,17937.31,7594064.0,4.2,2016-02-01,6.5502664612163075,1.0893840601919447,42.82006564600983,49.36454511901207,50.63545488098793
2016,3,1646527.48,1665578.04,3312105.52,122586.88,19403.84,7594064.0,4.2,2016-03-01,7.445176681776365,1.1649913443863609,43.61440093209644,49.712410128769086,50.28758987123092
2016,4,1689039.25,1685269.16,3374308.41,137820.73,20253.97,7594064.0,4.2,2016-04-01,8.159711504631998,1.2018240457209817,44.43349977034695,50.05586463271743,49.94413536728256
2016,5,1750326.78,1680631.83,3430958.61,153792.91,21524.14,7594064.0,4.2,2016-05-01,8.78652556524331,1.280717145527346,45.17947978842422,51.01567751060687,48.984322489393136
2016,6,1815470.5,1803256.3,3618726.8,172857.04,30510.02,7594064.0,4.2,2016-06-01,9.52133565376028,1.6919402971169433,47.65204507099229,50.168763776254124,49.831236223745876
2016,7,1808641.64,1797696.38,3606338.02,8643.42,7030.99,7594064.0,4.2,2016-07-01,0.47789566539007694,0.39111109518950027,47.488907388718346,50.15175033426289,49.8482496657371
2016,8,1815930.73,1803260.48,3619191.22,26556.32,7774.3,7594064.0,4.2,2016-08-01,1.4624082054055,0.4311246259885871,47.658160637044936,50.175042422875904,49.824957300819264
2016,9,1854554.56,1849019.87,3703574.43,36110.38,9422.97,7594064.0,4.2,2016-09-01,1.947118773361944,0.5096197262607026,48.76933391659591,50.07472092305163,49.92527907694838
2016,10,1872102.82,1844474.96,3716577.78,59154.68,10676.13,7594064.0,4.2,2016-10-01,3.1597986696051232,0.5788167490221716,48.94056436711621,50.37168413572123,49.628315864278775
2016,11,1918656.99,1834914.33,3753571.32,76925.2,14818.71,7594064.0,4.2,2016-11-01,4.0093252937305905,0.807596832054824,49.427701952472354,51.115506445205895,48.884493554794105
2016,12,1930855.01,1896443.05,3827298.06,100088.42,25447.95,7594064.0,4.2,2016-12-01,5.183632094674991,1.3418778908230333,50.39854891926115,50.4495594471678,49.5504405528322
2017,1,1894094.99,1992795.15,3886890.14,110412.62,34805.51,8483396.0,3.8,2017-01-01,5.829307430880222,1.7465673779866435,45.81761997200178,48.73034538609316,51.26965461390684
2017,2,1901820.24,1993173.8,3894994.04,125425.29,35589.51,8483396.0,3.8,2017-02-01,6.595012891439203,1.785569828381248,45.91314657479151,48.82729525306282,51.17270474693717
2017,3,1945253.27,2159068.94,4104322.21,145791.96,37279.89,8483396.0,3.8,2017-03-01,7.494754654749918,1.7266651059321896,48.38065097986702,47.39523776326518,52.604762236734814
2017,4,1979865.65,2167254.83,4147120.48,164125.52,38508.27,8483396.0,3.8,2017-04-01,8.289730164266448,1.7768224330131033,48.88514552426882,47.740731419502914,52.259268580497086
2017,5,2045471.63,2187224.33,4232695.96,188577.71,44322.0,8483396.0,3.8,2017-05-01,9.21927770760624,2.0264039400110367,49.893886363432756,48.3255033985479,51.67449660145209
2017,6,2111710.44,2294735.88,4406446.32,212865.24,53520.42,8483396.0,3.8,2017-06-01,10.080228613161566,2.332312858593556,51.9420090727817,47.923208105709996,52.07679189429
2017,7,2123788.59,2305538.33,4429326.92,11708.84,7102.48,8483396.0,3.8,2017-07-01,0.5513185283663287,0.30806167512296356,52.2117194576323,47.948336809602665,52.051663190397335
2017,8,2135933.94,2309775.39,4445709.33,29524.29,7763.86,8483396.0,3.8,2017-08-01,1.3822660639027067,0.3361305187341181,52.4048309191272,48.04484012453419,51.95515987546582
2017,9,2172835.15,2310198.99,4483034.13,49871.41,12246.58,8483396.0,3.8,2017-09-01,2.2952229026670525,0.5301093132241391,52.84480566508978,48.467959131955126,51.53204109110809
2017,10,2188509.46,2353124.93,4541634.39,70241.95,19427.91,8483396.0,3.8,2017-10-01,3.2095794550506533,0.8256216978670995,53.53556983547626,48.18770671674432,51.812293283255684
2017,11,2228429.02,2357226.48,4585655.5,89408.82,25130.6,8483396.0,3.8,2017-11-01,4.012190614893356,1.0661088450016054,54.05447889029347,48.5956483211615,51.4043516788385
2017,12,2220345.35,2349284.44,4569629.79,114630.26,41279.05,8483396.0,3.8,2017-12-01,5.162722096362171,1.7570903419425874,53.865572112866126,48.58917356629015,51.41082643370986
2018,1,2247295.02,2377522.47,4624817.49,125890.99,50339.41,9340307.0,5.6,2018-01-01,5.601889777693718,2.1173053308724357,49.51461970147234,48.59208011687397,51.40791988312603
2018,2,2338213.71,2563074.05,4901287.76,140772.99,51063.26,9340307.0,5.6,2018-02-01,6.020535650695504,1.9922662788459042,52.474589539722835,47.70610958781983,52.29389041218017
2018,3,2371650.53,2512430.94,4884081.46,164585.41,55594.79,9340307.0,5.6,2018-03-01,6.939699079526697,2.2127887821664864,52.29037396736531,48.55878325174371,51.44121695300308
2018,4,2415234.64,2562178.53,4977413.17,189922.8,62785.04,9340307.0,5.6,2018-04-01,7.863534120229411,2.4504553162421514,53.289609966781605,48.523892984355165,51.476107015644835
2018,5,2447575.21,2573126.24,5020701.44,214077.0,66456.0,9340307.0,5.6,2018-05-01,8.746493228291849,2.5826948933527643,53.75306657479246,48.74966654061787,51.25033365855748
2018,6,2478835.09,2560199.43,5039034.52,239469.9,84420.24,9340307.0,5.6,2018-06-01,9.660582140621546,3.297408749130141,53.94934577632191,49.19265943032278,50.80734056967723
2018,7,2513046.5,2601071.15,5114117.65,17311.96,10462.31,9340307.0,5.6,2018-07-01,0.6888833931246398,0.4022308270959831,54.75320725539321,49.1393955318959,50.860604468104086
2018,8,2493706.78,2611403.1,5105109.88,34002.41,19076.9,9340307.0,5.6,2018-08-01,1.3635287946724837,0.7305229897291613,54.65676749168951,48.847269473463314,51.152730526536686
2018,9,2540833.74,2605334.58,5146168.32,61118.92,22979.46,9340307.0,5.6,2018-09-01,2.405467112539209,0.8820156987284142,55.09635090152819,49.373311986810414,50.62668801318959
2018,10,2535751.89,2654689.44,5190441.33,82890.1,32384.41,9340307.0,5.6,2018-10-01,3.268856875425616,1.2198944822713425,55.57035041781817,48.85426361230058,51.14573638769942
2018,11,2563418.63,2709008.39,5272427.03,105505.46,32384.41,9340307.0,5.6,2018-11-01,4.11581076790411,1.1954340975666007,56.44811278687093,48.619328734455706,51.38067107587831
2018,12,2548768.78,2723734.27,5272503.04,131525.06,46099.34,9340307.0,5.6,2018-12-01,5.160337062822937,1.6925050474912884,56.44892657168549,48.34077402447547,51.659226165187754
2019,1,2604189.4,2729478.57,5333667.97,146765.11,52475.36,10237727.0,5.1,2019-01-01,5.635731026322432,1.9225415644131618,52.09816563774361,48.82548772528861,51.17451227471139
2019,2,2690972.03,2707287.17,5398259.2,165625.12,61122.26,10237727.0,5.1,2019-02-01,6.154843608686635,2.257694000005179,52.7290794138191,49.84888517394644,50.15111482605356
2019,3,2702933.27,2721597.46,5424530.74,193339.39,80049.95,10237727.0,5.1,2019-03-01,7.152947212788573,2.9412854463789806,52.98569438313798,49.82796484254046,50.17203497311179
2019,4,2740905.64,2842481.02,5583386.66,220088.71,86272.48,10237727.0,5.1,2019-04-01,8.029780623896267,3.0351119107912283,54.537366155592935,49.09037841917973,50.909621580820264
2019,5,2772613.71,2834844.04,5607457.75,245956.0,90450.5,10237727.0,5.1,2019-05-01,8.870907588493457,3.1906693533659087,54.772487584402285,49.44511102201349,50.5548889779865
2019,6,2785483.13,3023139.47,5808622.6,264832.3803,103717.57,10237727.0,5.1,2019-06-01,9.507592325644422,3.4307901117112536,56.7374242348912,47.95427972889821,52.0457202711018
2019,7,2843666.89,3160057.46,6003724.35,28746.19775,15116.62422,10237727.0,5.1,2019-07-01,1.0108848491041087,0.4783654857972107,58.643137778532285,47.36504749755875,52.63495250244126
2019,8,2875502.65,3133543.34,6009045.99,50369.80396,25533.56327,10237727.0,5.1,2019-08-01,1.751686925414588,0.8148463416497695,58.69511845744666,47.852898027162546,52.14710197283745
2019,9,2851639.21,3111767.28,5963406.49,76250.00787,34162.85605,10237727.0,5.1,2019-09-01,2.6739009480094786,1.0978602503333734,58.2493212604712,47.81896412364135,52.18103587635864
2019,10,2897141.36,3127601.26,6024742.62,97810.97336,40481.85814,10237727.0,5.1,2019-10-01,3.3761201545236306,1.2943420460189992,58.848439892956705,48.08738800529872,51.91261199470127
2019,11,2917362.29,3114959.69,6032321.98,126431.7125,52404.39128,10237727.0,5.1,2019-11-01,4.333767970244107,1.6823457282042713,58.9224735138962,48.36217794196721,51.63782205803278
2019,12,2942103.54,3106822.96,6048926.5,147163.9239,61511.53786,10237727.0,5.1,2019-12-01,5.001996765212416,1.9798855181629014,59.08466303115917,48.638440886990445,51.361559113009555
2020,1,3003700.3,3112897.95,6116598.25,171465.8846,76608.22743,10715070.0,-0.3,2020-01-01,5.708488446733517,2.4609938603994386,57.084071779279085,49.10736617367341,50.892633826326595
2020,2,3040964.55,3117038.57,6158003.12,195971.5544,86770.91482,10715070.0,-0.3,2020-02-01,6.444387995249731,2.783761344987143,57.470488946875754,49.38231583747557,50.61768416252443
2020,3,3070189.38,3212634.23,6282823.61,223268.616,94548.34935,10715070.0,-0.3,2020-03-01,7.272144756099704,2.943016309391686,58.63539491575883,48.86639464321998,51.13360535678002
2020,4,3119415.8,3317330.98,6436746.77,255057.0,100598.7199,10715070.0,-0.3,2020-04-01,8.176434831162938,3.0325198331581613,60.07190592315309,48.46261491191147,51.53738524344652
2020,5,3153143.94,3496428.84,6649572.77,285611.0947,112453.3165,10715070.0,-0.3,2020-05-01,9.05797832686319,3.216233524146311,62.058136531072584,47.4187447684703,52.58125538191531
2020,6,3178421.28,3515810.78,6694232.06,315361.9427,121840.0895,10715070.0,-0.3,2020-06-01,9.921968012371224,3.4654905261994795,62.474926062078914,47.47999847498564,52.52000152501436
2020,7,3273551.44,3638506.49,6912057.93,27700.76436,15028.66851,10715070.0,-0.3,2020-07-01,0.8461991469423802,0.41304498291550384,64.5078187076706,47.36001163693951,52.639988363060496
2020,8,3402500.73,3666321.29,7068822.02,56781.03113,30339.04173,10715070.0,-0.3,2020-08-01,1.66880290808931,0.8275063566510288,65.9708431209502,48.13391425577299,51.86608574422702
2020,9,3457106.5,3663491.22,7120597.72,81168.50518,34133.51785,10715070.0,-0.3,2020-09-01,2.3478740148734207,0.9317210223858541,66.45404761704776,48.55079076142501,51.44920923857499
2020,10,3457644.63,3705644.24,7163288.87,115684.6646,38127.69255,10715070.0,-0.3,2020-10-01,3.3457650215487877,1.0289086075354064,66.85246918592226,48.26895428551941,51.731045714480594
2020,11,3482653.56,3771808.47,7254462.03,154618.9023,51705.88355,10715070.0,-0.3,2020-11-01,4.439686567618284,1.3708512497719694,67.70335639431194,48.007054769849006,51.992945230151
2020,12,3488541.18,3793285.24,7281826.42,186745.8586,61063.53013,10715070.0,-0.3,2020-12-01,5.35312180548776,1.6097795516690434,67.95873867366242,47.907502579552016,52.09249742044799
2021,1,3532561.52,3819699.66,7352261.18,218187.7371,62842.31718,12027662.0,7.6,2021-01-01,6.176473809860218,1.6452161890655035,61.12793309289868,48.04728006139739,51.95271993860262
2021,2,3531182.93,3814288.77,7345471.7,255863.1946,70258.31622,12027662.0,7.6,2021-02-01,7.245821008768866,1.8419768522140496,61.07148421696586,48.0729226688056,51.927077331194404
2021,3,3569840.57,3769866.74,7339707.31,286105.5079,80182.53566,12027662.0,7.6,2021-03-01,8.014517799600222,2.1269328915323937,61.023558111293774,48.637369573801166,51.36263042619884
2021,4,3632914.8,3778131.44,7411046.24,318487.946,82974.49141,12027662.0,7.6,2021-04-01,8.766733147719291,2.196177997714129,61.616681945335685,49.020268965424776,50.97973103457522
2021,5,3686891.72,3799018.81,7485910.53,360115.3432,97363.63141,12027662.0,7.6,2021-05-01,9.767451027826768,2.5628625779296943,62.23911621394084,49.25107914694781,50.74892085305219
2021,6,3697093.18,4015299.38,7712392.57,388829.5636,106312.3184,12027662.0,7.6,2021-06-01,10.517169697086185,2.6476809906015033,64.1221258961218,47.93704607803698,52.06295379230157
2021,7,3792146.89,4020629.3,7812776.19,38980.53485,11777.99604,12027662.0,7.6,2021-07-01,1.0279278725408232,0.2929391187593445,64.9567321562578,48.53776426942546,51.462235730574534
2021,8,3864875.78,4054862.85,7919738.63,74051.20193,26862.78276,12027662.0,7.6,2021-08-01,1.9160047086946737,0.6624831407059797,65.84603582973982,48.80054709583263,51.19945290416737
2021,9,3937777.45,4062504.78,8000282.23,101141.5105,30018.59318,12027662.0,7.6,2021-09-01,2.5684922976030555,0.7389183473157661,66.5156888346214,49.22048168793165,50.77951831206834
2021,10,3959523.3,4083124.54,8042647.84,141843.9595,33760.37111,12027662.0,7.6,2021-10-01,3.582349408071421,0.8268268768015584,66.8679236247244,49.23158863561531,50.76841136438469
2021,11,4008077.3,4109282.85,8117360.15,189410.3698,47825.06113,12027662.0,7.6,2021-11-01,4.72571648755377,1.163829867053323,67.48909430610871,49.37661044890314,50.62338955109686
2021,12,4032368.18,4174371.53,8206739.71,217281.8735,57296.14426,12027662.0,7.6,2021-12-01,5.3884433117414385,1.3725693520145295,68.23221096502378,49.13483700581507,50.86516299418493
